{"stats":{"minecraft:used":{"minecraft:stone":17,"minecraft:grass_block":109,"minecraft:water_bucket":1,"minecraft:repeating_command_block":5,"minecraft:shroomlight":1,"minecraft:emerald_block":74,"minecraft:yellow_bed":1,"minecraft:chain_command_block":10,"minecraft:stone_bricks":4,"minecraft:oak_planks":62,"minecraft:command_block":2,"minecraft:yellow_wool":3140},"minecraft:custom":{"minecraft:sprint_one_cm":8646,"minecraft:time_since_rest":88477,"minecraft:walk_one_cm":247660,"minecraft:total_world_time":126852,"minecraft:leave_game":10,"minecraft:fly_one_cm":276769,"minecraft:walk_on_water_one_cm":1146,"minecraft:crouch_one_cm":178775,"minecraft:sneak_time":34618,"minecraft:play_time":88477,"minecraft:jump":147,"minecraft:time_since_death":88477}},"DataVersion":4325}